title,director,cast,country,date_added,release_year,rating,duration,category
Birth of the Dragon,George Nolfi,"Billy Magnussen, Ron Yuan, Qu Jingjing, Terry Chen, Vanness Wu, Jin Xing, Philip Ng, Xia Yu, Yu Xia","China, Canada, United States",16-Sep-21,2017,PG-13,96 min,Adventure
Birth of the Dragon,George Nolfi,"Billy Magnussen, Ron Yuan, Qu Jingjing, Terry Chen, Vanness Wu, Jin Xing, Philip Ng, Xia Yu, Yu Xia","China, Canada, United States",16-Sep-21,2017,PG-13,96 min,Action
Birth of the Dragon,George Nolfi,"Billy Magnussen, Ron Yuan, Qu Jingjing, Terry Chen, Vanness Wu, Jin Xing, Philip Ng, Xia Yu, Yu Xia","China, Canada, United States",16-Sep-21,2017,PG-13,96 min,Dramas
Extraction,Steven C. Miller,"Bruce Willis, Kellan Lutz, Gina Carano, D.B. Sweeney, Joshua Mikel, Steve Coulter, Dan Bilzerian, Heather Johansen","United States, United Kingdom, Canada",01-Sep-21,2015,R,82 min,Adventure
Extraction,Steven C. Miller,"Bruce Willis, Kellan Lutz, Gina Carano, D.B. Sweeney, Joshua Mikel, Steve Coulter, Dan Bilzerian, Heather Johansen","United States, United Kingdom, Canada",01-Sep-21,2015,R,82 min,Action
Catch Me If You Can,Steven Spielberg,"Leonardo DiCaprio, Tom Hanks, Christopher Walken, Martin Sheen, Nathalie Baye, Amy Adams, James Brolin, Brian Howe, Frank John Hughes, Steve Eastin","United States, Canada",01-Aug-21,2002,PG-13,142 min,Dramas
Good Luck Chuck,Mark Helfrich,"Dane Cook, Jessica Alba, Dan Fogler, Ellia English, Sasha Pieterse, Annie Wood, Lonny Ross, Chelan Simmons, Simone Bailly, Jodelle Ferland, Crystal Lowe, Troy Gentile, Georgia Craig, Michelle Harrison, Chiara Zanni","United States, Canada",01-Aug-21,2007,R,99 min,Comedies
Good Luck Chuck,Mark Helfrich,"Dane Cook, Jessica Alba, Dan Fogler, Ellia English, Sasha Pieterse, Annie Wood, Lonny Ross, Chelan Simmons, Simone Bailly, Jodelle Ferland, Crystal Lowe, Troy Gentile, Georgia Craig, Michelle Harrison, Chiara Zanni","United States, Canada",01-Aug-21,2007,R,99 min,Romantic Movies
The Sum of All Fears,Phil Alden Robinson,"Ben Affleck, Morgan Freeman, Bridget Moynahan, James Cromwell, Liev Schreiber, Michael Byrne, Colm Feore, Alan Bates, Ron Rifkin, Ciarán Hinds, Bruce McGill, Richard Marner, Philip Baker Hall","United States, Germany, Canada",01-Jul-21,2002,PG-13,124 min,Action
The Sum of All Fears,Phil Alden Robinson,"Ben Affleck, Morgan Freeman, Bridget Moynahan, James Cromwell, Liev Schreiber, Michael Byrne, Colm Feore, Alan Bates, Ron Rifkin, Ciarán Hinds, Bruce McGill, Richard Marner, Philip Baker Hall","United States, Germany, Canada",01-Jul-21,2002,PG-13,124 min,Adventure
The Ice Road,Jonathan Hensleigh,"Liam Neeson, Benjamin Walker, Amber Midthunder, Marcus Thomas, Laurence Fishburne, Holt McCallany, Martin Sensmeier, Matt McCoy, Matt Salinger","United States, Canada",25-Jun-21,2021,PG-13,109 min,Adventure
The Ice Road,Jonathan Hensleigh,"Liam Neeson, Benjamin Walker, Amber Midthunder, Marcus Thomas, Laurence Fishburne, Holt McCallany, Martin Sensmeier, Matt McCoy, Matt Salinger","United States, Canada",25-Jun-21,2021,PG-13,109 min,Action
Red Snow,Marie Clements,"Asivak Koostachin, Shafin Karim, Mozhdah Jamalzadah, Kane Mahon, Ishaan Vasdev, Samuel Marty, Miika Bryce Whiskeyjack, Tantoo Cardinal",Canada,17-Jun-21,2019,TV-MA,96 min,Dramas
Population 436,Michelle MacLaren,"Jeremy Sisto, Fred Durst, Charlotte Sullivan, David Ames, Cory Cassidy, James Blicq, Martin Trudel, Reva Timbers, Rick Skene, Peter Outerbridge, Dana Horrox","Canada, United States",02-Jun-21,2006,R,93 min,Thrillers
Population 436,Michelle MacLaren,"Jeremy Sisto, Fred Durst, Charlotte Sullivan, David Ames, Cory Cassidy, James Blicq, Martin Trudel, Reva Timbers, Rick Skene, Peter Outerbridge, Dana Horrox","Canada, United States",02-Jun-21,2006,R,93 min,Horror Movies
Miss Sloane,John Madden,"Jessica Chastain, Mark Strong, Gugu Mbatha-Raw, Michael Stuhlbarg, Raoul Bhaneja, John Lithgow, Sam Waterston, Chuck Shamata, Jake Lacy, Alison Pill, David Wilson Barnes","France, United States, United Kingdom, Canada",19-Apr-21,2016,R,132 min,Thrillers
Insidious,James Wan,"Patrick Wilson, Rose Byrne, Lin Shaye, Ty Simpkins, Barbara Hershey, Leigh Whannell, Angus Sampson, Andrew Astor, Joseph Bishara","United States, Canada",01-Apr-21,2010,PG-13,103 min,Thrillers
Insidious,James Wan,"Patrick Wilson, Rose Byrne, Lin Shaye, Ty Simpkins, Barbara Hershey, Leigh Whannell, Angus Sampson, Andrew Astor, Joseph Bishara","United States, Canada",01-Apr-21,2010,PG-13,103 min,Horror Movies
The Conjuring 2,James Wan,"Patrick Wilson, Vera Farmiga, Madison Wolfe, Frances O'Connor, Lauren Esposito, Benjamin Haigh, Patrick McAuley, Simon McBurney, Maria Doyle Kennedy, Simon Delaney, Franka Potente","Canada, United States, United Kingdom",21-Feb-21,2016,R,134 min,Horror Movies
Pieces of a Woman,Kornél Mundruczó,"Vanessa Kirby, Shia LaBeouf, Ellen Burstyn, Molly Parker, Sarah Snook, Iliza Shlesinger, Benny Safdie, Jimmie Fails","Canada, Hungary, United States",07-Jan-21,2020,R,128 min,Dramas
Case 39,Christian Alvart,"Renée Zellweger, Jodelle Ferland, Ian McShane, Bradley Cooper, Callum Keith Rennie, Adrian Lester, Kerry O'Malley, Cynthia Stevenson, Alexander Conti, Philip Cabrita","United States, Canada",01-Jan-21,2009,R,111 min,Thrillers
Case 39,Christian Alvart,"Renée Zellweger, Jodelle Ferland, Ian McShane, Bradley Cooper, Callum Keith Rennie, Adrian Lester, Kerry O'Malley, Cynthia Stevenson, Alexander Conti, Philip Cabrita","United States, Canada",01-Jan-21,2009,R,111 min,Horror Movies
The Magic School Bus Rides Again In the Zone,Richard Weston,"Mikaela Blake, Gabby Clarke, Roman Lutterotti, Leke Maceda-Rustecki, Matthew Mucci, Lynsey Pham, Kaden Stephen, Lights",Canada,26-Dec-20,2020,TV-Y,46 min,Children
The Magic School Bus Rides Again In the Zone,Richard Weston,"Mikaela Blake, Gabby Clarke, Roman Lutterotti, Leke Maceda-Rustecki, Matthew Mucci, Lynsey Pham, Kaden Stephen, Lights",Canada,26-Dec-20,2020,TV-Y,46 min,Family Movies
Braven,Lin Oeding,"Jason Momoa, Garret Dillahunt, Jill Wagner, Stephen Lang, Sasha Rosoff, Sala Baker, Fraser Aitcheson, Teach Grant, Glenn Ennis, Todd Scott, Zahn McClarnon, Brendan Fletcher",Canada,17-Dec-20,2018,R,94 min,Action
Braven,Lin Oeding,"Jason Momoa, Garret Dillahunt, Jill Wagner, Stephen Lang, Sasha Rosoff, Sala Baker, Fraser Aitcheson, Teach Grant, Glenn Ennis, Todd Scott, Zahn McClarnon, Brendan Fletcher",Canada,17-Dec-20,2018,R,94 min,Adventure
Mighty Express: A Mighty Christmas,Clint Butler,"Jay Hatton, Zoe Hatz, Meesha Contreras, Dylan Schombing, Tyler Nathan, Leo Orgil, Michela Luci, Ian Ho, Evan Lefeuvre, Annick Obonsawin, Gracen Daly",Canada,05-Dec-20,2020,TV-Y,26 min,Family Movies
Mighty Express: A Mighty Christmas,Clint Butler,"Jay Hatton, Zoe Hatz, Meesha Contreras, Dylan Schombing, Tyler Nathan, Leo Orgil, Michela Luci, Ian Ho, Evan Lefeuvre, Annick Obonsawin, Gracen Daly",Canada,05-Dec-20,2020,TV-Y,26 min,Children
Hometown Holiday,Justin G. Dyck,"Sarah Troyer, Bradley Hamilton, Kevin McGarry, Samantha Gracie",Canada,15-Nov-20,2018,TV-G,84 min,Romantic Movies
Prom Night,Nelson McCormick,"Brittany Snow, Scott Porter, Jessica Stroup, Dana Davis, Collins Pennie, Kelly Blatz, James Ransone, Brianne Davis, Kellan Lutz, Mary Mara, Ming-Na Wen, Johnathon Schaech, Idris Elba","United States, Canada",12-Nov-20,2008,PG-13,88 min,Horror Movies
Midnight at the Magnolia,Maxwell McGuire,"Natalie Hall, Evan Williams, Michael Gordon Shore, Steve Cumyn, Albert Brooks",Canada,05-Nov-20,2020,TV-G,87 min,Comedies
Midnight at the Magnolia,Maxwell McGuire,"Natalie Hall, Evan Williams, Michael Gordon Shore, Steve Cumyn, Albert Brooks",Canada,05-Nov-20,2020,TV-G,87 min,Romantic Movies
Elliot the Littlest Reindeer,Jennifer Westcott,"Josh Hutcherson, Samantha Bee, Martin Short, Morena Baccarin, Jeff Dunham, John Cleese",Canada,01-Nov-20,2018,PG,90 min,Children
The Magic School Bus Rides Again The Frizz Connection,Richard Weston,"Kate McKinnon, Roman Lutterotti, Mikaela Blake, Gabby Clarke, Leke Maceda-Rustecki, Matthew Mucci, Birva Pandya, Lynsey Pham, Kaden Stephen",Canada,20-Oct-20,2020,TV-Y,46 min,Children
StarBeam: Halloween Hero,Jon Izen,"Nahanni Mitchell, Dean Petriw, Terry Klassen, Sam Vincent, Rhona Rees, Laara Sadiq",Canada,06-Oct-20,2020,TV-Y,33 min,Children
True: Friendship Day,"Mark Thornton, Todd Kauffman","Michela Luci, Jamie Watson, Eric Peterson, Anna Claire Bartlam, Nicolas Aqui, Cory Doran, Julie Lemieux, Derek McGrath",Canada,01-Sep-20,2020,TV-Y,24 min,Children
Elliot the Littlest Reindeer,Jennifer Westcott,"Josh Hutcherson, Samantha Bee, Martin Short, Morena Baccarin, Jeff Dunham, John Cleese",Canada,01-Nov-20,2018,PG,90 min,Family Movies
The Magic School Bus Rides Again The Frizz Connection,Richard Weston,"Kate McKinnon, Roman Lutterotti, Mikaela Blake, Gabby Clarke, Leke Maceda-Rustecki, Matthew Mucci, Birva Pandya, Lynsey Pham, Kaden Stephen",Canada,20-Oct-20,2020,TV-Y,46 min,Family Movies
StarBeam: Halloween Hero,Jon Izen,"Nahanni Mitchell, Dean Petriw, Terry Klassen, Sam Vincent, Rhona Rees, Laara Sadiq",Canada,06-Oct-20,2020,TV-Y,33 min,Family Movies
True: Friendship Day,"Mark Thornton, Todd Kauffman","Michela Luci, Jamie Watson, Eric Peterson, Anna Claire Bartlam, Nicolas Aqui, Cory Doran, Julie Lemieux, Derek McGrath",Canada,01-Sep-20,2020,TV-Y,24 min,Family Movies
We Summon the Darkness,Marc Meyers,"Alexandra Daddario, Amy Forsyth, Keean Johnson, Maddie Hasson, Logan Miller, Austin Swift, Johnny Knoxville, Allison McAtee, Tanner Beard","United States, Canada, United Kingdom",08-Aug-20,2020,R,90 min,Horror Movies
We Summon the Darkness,Marc Meyers,"Alexandra Daddario, Amy Forsyth, Keean Johnson, Maddie Hasson, Logan Miller, Austin Swift, Johnny Knoxville, Allison McAtee, Tanner Beard","United States, Canada, United Kingdom",08-Aug-20,2020,R,90 min,Thrillers
Super Monsters: The New Class,Steve Ball,"Elyse Maloway, Vincent Tong, Erin Mathews, Andrea Libman, Alessandro Juliani, Nicole Anthony, Diana Kaarina, Gigi Saul Guerrero, Asia Mattu, Rukiya Bernard, Elicia MacKenzie, Ian James Corlett, Britt McKillip",Canada,01-Aug-20,2020,TV-Y,25 min,Children
Super Monsters: The New Class,Steve Ball,"Elyse Maloway, Vincent Tong, Erin Mathews, Andrea Libman, Alessandro Juliani, Nicole Anthony, Diana Kaarina, Gigi Saul Guerrero, Asia Mattu, Rukiya Bernard, Elicia MacKenzie, Ian James Corlett, Britt McKillip",Canada,01-Aug-20,2020,TV-Y,25 min,Family Movies
Double Jeopardy,Bruce Beresford,"Tommy Lee Jones, Ashley Judd, Bruce Greenwood, Annabeth Gish, Roma Maffia, Jay Brazeau, Michael Gaston, Daniel Lapaine","United States, Germany, Canada",01-Jul-20,1999,R,105 min,Thrillers
True: Wuzzle Wegg Day,"Todd Kauffman, Mark Thornton","Michela Luci, Jamie Watson, Eric Peterson, Anna Claire Bartlam, Nicolas Aqui, Cory Doran, Julie Lemieux",Canada,27-Mar-20,2020,TV-Y,24 min,Children
True: Wuzzle Wegg Day,"Todd Kauffman, Mark Thornton","Michela Luci, Jamie Watson, Eric Peterson, Anna Claire Bartlam, Nicolas Aqui, Cory Doran, Julie Lemieux",Canada,27-Mar-20,2020,TV-Y,24 min,Family Movies
Carmen Sandiego: To Steal or Not to Steal,Jos Humphrey,"Gina Rodriguez, Finn Wolfhard, Abby Trott, Michael Hawley, Liam O'Brien, Mary Elizabeth McGlynn, Toks Olagundoye, Sharon Muthu","Canada, United States",10-Mar-20,2020,TV-Y7,82 min,Children
Carmen Sandiego: To Steal or Not to Steal,Jos Humphrey,"Gina Rodriguez, Finn Wolfhard, Abby Trott, Michael Hawley, Liam O'Brien, Mary Elizabeth McGlynn, Toks Olagundoye, Sharon Muthu","Canada, United States",10-Mar-20,2020,TV-Y7,82 min,Family Movies
Polaroid,Lars Klevberg,"Kathryn Prescott, Mitch Pileggi, Grace Zabriskie, Tyler Young, Samantha Logan, Javier Botet, Katie Stevens, Madelaine Petsch, Priscilla Quintana, Davi Santos, Keenan Tracey","United States, Norway, Canada",09-Feb-20,2019,PG-13,88 min,Horror Movies
In the Tall Grass,Vincenzo Natali,"Patrick Wilson, Laysla De Oliveira, Avery Whitted, Harrison Gilbertson, Rachel Wilson, Will Buie Jr.","Canada, United States",04-Oct-19,2019,TV-MA,102 min,Thrillers
In the Tall Grass,Vincenzo Natali,"Patrick Wilson, Laysla De Oliveira, Avery Whitted, Harrison Gilbertson, Rachel Wilson, Will Buie Jr.","Canada, United States",04-Oct-19,2019,TV-MA,102 min,Horror Movies
The Red Sea Diving Resort,Gideon Raff,"Chris Evans, Michael Kenneth Williams, Haley Bennett, Alessandro Nivola, Michiel Huisman, Alex Hassell, Mark Ivanir, Chris Chalk, Greg Kinnear, Ben Kingsley",Canada,31-Jul-19,2019,TV-MA,130 min,Dramas
The Red Sea Diving Resort,Gideon Raff,"Chris Evans, Michael Kenneth Williams, Haley Bennett, Alessandro Nivola, Michiel Huisman, Alex Hassell, Mark Ivanir, Chris Chalk, Greg Kinnear, Ben Kingsley",Canada,31-Jul-19,2019,TV-MA,130 min,Thrillers
Pachamama,Juan Antin,"Adam Moussamih, Charli Birdgenau, Vlastra Vrana, Sonja Ball, Alexandre Harough","France, Luxembourg, Canada",07-Jun-19,2019,PG,71 min,Children
Pachamama,Juan Antin,"Adam Moussamih, Charli Birdgenau, Vlastra Vrana, Sonja Ball, Alexandre Harough","France, Luxembourg, Canada",07-Jun-19,2019,PG,71 min,Family Movies
The Silence,John R. Leonetti,"Stanley Tucci, Kiernan Shipka, Miranda Otto, Kate Trotter, John Corbett, Kyle Breitkopf, Dempsey Bryk, Billy MacLellan","Canada, Germany",10-Apr-19,2019,PG-13,91 min,Horror Movies
The Silence,John R. Leonetti,"Stanley Tucci, Kiernan Shipka, Miranda Otto, Kate Trotter, John Corbett, Kyle Breitkopf, Dempsey Bryk, Billy MacLellan","Canada, Germany",10-Apr-19,2019,PG-13,91 min,Thrillers
Maps to the Stars,David Cronenberg,"Julianne Moore, Mia Wasikowska, Robert Pattinson, John Cusack, Olivia Williams, Sarah Gadon, Evan Bird, Niamh Wilson, Dawn Greenhalgh","Canada, Germany, France, United States",16-Dec-18,2014,R,112 min,Comedies
Maps to the Stars,David Cronenberg,"Julianne Moore, Mia Wasikowska, Robert Pattinson, John Cusack, Olivia Williams, Sarah Gadon, Evan Bird, Niamh Wilson, Dawn Greenhalgh","Canada, Germany, France, United States",16-Dec-18,2014,R,112 min,Dramas
Angela's Christmas,Damien O’Connor,"Lucy O'Connell, Ruth Negga, Brendan Mullins, Malachy McCourt, Vivian Drew, Anya O'Connor, Janet Moran, Brian Gleeson, Pat Kinevane","Ireland, Canada",30-Nov-18,2018,TV-Y,30 min,Children
A Witches' Ball,Justin G. Dyck,"Morgan Neundorf, Karen Slater, Loukia Ioannou, Will Ennis, Renee Stein, Keith Cooper, Paul Mason, Lisa Scenna, Ashley Rogan",Canada,01-Oct-18,2017,PG,91 min,Family Movies
Angela's Christmas,Damien O’Connor,"Lucy O'Connell, Ruth Negga, Brendan Mullins, Malachy McCourt, Vivian Drew, Anya O'Connor, Janet Moran, Brian Gleeson, Pat Kinevane","Ireland, Canada",30-Nov-18,2018,TV-Y,30 min,Children
A Witches' Ball,Justin G. Dyck,"Morgan Neundorf, Karen Slater, Loukia Ioannou, Will Ennis, Renee Stein, Keith Cooper, Paul Mason, Lisa Scenna, Ashley Rogan",Canada,01-Oct-18,2017,PG,91 min,Family Movies
My Little Pony Equestria Girls: Rollercoaster of Friendship,Ishi Rudell,"Ashleigh Ball, Andrea Libman, Rebecca Shoichet, Tabitha St. Germain, Tara Strong, Tegan Moss","United States, Canada",01-Oct-18,2018,TV-Y,44 min,Children
My Little Pony Equestria Girls: Rollercoaster of Friendship,Ishi Rudell,"Ashleigh Ball, Andrea Libman, Rebecca Shoichet, Tabitha St. Germain, Tara Strong, Tegan Moss","United States, Canada",01-Oct-18,2018,TV-Y,44 min,Family Movies
One Last Shot,Mike Clattenburg,"Robb Wells, John Paul Tremblay, John Dunsworth",Canada,24-Aug-18,1998,TV-MA,31 min,Comedies
Kodachrome,Mark Raso,"Ed Harris, Jason Sudeikis, Elizabeth Olsen","Canada, United States",20-Apr-18,2018,TV-MA,105 min,Comedies
Kodachrome,Mark Raso,"Ed Harris, Jason Sudeikis, Elizabeth Olsen","Canada, United States",20-Apr-18,2018,TV-MA,105 min,Dramas
The Open House,"Matt Angel, Suzanne Coote","Dylan Minnette, Piercey Dalton, Patricia Bethune, Sharif Atkins, Aaron Abrams, Edward Olson, Katie Walder, Paul Rae","Canada, United States",19-Jan-18,2018,TV-MA,95 min,Horror Movies
The Open House,"Matt Angel, Suzanne Coote","Dylan Minnette, Piercey Dalton, Patricia Bethune, Sharif Atkins, Aaron Abrams, Edward Olson, Katie Walder, Paul Rae","Canada, United States",19-Jan-18,2018,TV-MA,95 min,Thrillers
"Jim & Andy: The Great Beyond - Featuring a Very Special, Contractually Obligated Mention of Tony Clifton",Chris Smith,Jim Carrey,"Canada, United States",17-Nov-17,2017,TV-MA,94 min,Documentaries
Barbie Dolphin Magic,Conrad Helten,"Erica Lindbeck, Shannon Chan-Kent, Kazumi Evans, Claire Corlett, Ciana Swales, Adrian Petriw, Maryke Hendrikse, Paul Dobson, Garry Chalk","United States, Canada",18-Sep-17,2017,TV-Y,64 min,Children
Barbie Dolphin Magic,Conrad Helten,"Erica Lindbeck, Shannon Chan-Kent, Kazumi Evans, Claire Corlett, Ciana Swales, Adrian Petriw, Maryke Hendrikse, Paul Dobson, Garry Chalk","United States, Canada",18-Sep-17,2017,TV-Y,64 min,Family Movies
Sahara,Pierre Coré,"Robert Naylor, Angela Galuppo, Daniel Brochu, Mark Hauser, Andrew Shaver, Mathew Mackay, Richard Dumont, Brady Moffatt, Rick Jones, Nadia Verrucci, Sonja Ball","France, Canada",12-May-17,2017,TV-Y7,86 min,Children
Sahara,Pierre Coré,"Robert Naylor, Angela Galuppo, Daniel Brochu, Mark Hauser, Andrew Shaver, Mathew Mackay, Richard Dumont, Brady Moffatt, Rick Jones, Nadia Verrucci, Sonja Ball","France, Canada",12-May-17,2017,TV-Y7,86 min,Family Movies
Small Crimes,Evan Katz,"Nikolaj Coster-Waldau, Gary Cole, Molly Parker, Macon Blair, Pat Healy, Jacki Weaver, Robert Forster","Canada, United States",28-Apr-17,2017,TV-MA,95 min,"Dramas, Thrillers"
For the Love of Spock,Adam Nimoy,"Leonard Nimoy, William Shatner, George Takei, Nichelle Nichols, Chris Pine, Zachary Quinto, Simon Pegg, Zoe Saldana, Jim Parsons, Jason Alexander, Neil deGrasse Tyson, J.J. Abrams","Canada, United States",02-Dec-16,2016,TV-14,112 min,Documentaries
Into the Inferno,Werner Herzog,Werner Herzog,"United Kingdom, Germany, Canada",28-Oct-16,2016,TV-PG,107 min,Documentaries
Gridlocked,Allan Ungar,"Dominic Purcell, Cody Hackman, Stephen Lang, Trish Stratus, Danny Glover, Vinnie Jones, Saul Rubinek, Richard Gunn, Steve Byers, James A. Woods",Canada,14-Jul-16,2015,R,114 min,Adventure
Gridlocked,Allan Ungar,"Dominic Purcell, Cody Hackman, Stephen Lang, Trish Stratus, Danny Glover, Vinnie Jones, Saul Rubinek, Richard Gunn, Steve Byers, James A. Woods",Canada,14-Jul-16,2015,R,114 min,Action
Special Correspondents,Ricky Gervais,"Eric Bana, Ricky Gervais, Vera Farmiga, Kelly Macdonald, Kevin Pollak, America Ferrera, Raúl Castillo, Benjamin Bratt","Canada, United Kingdom, United States",29-Apr-16,2016,TV-MA,101 min,Comedies
He Never Died,Jason Krawczyk,"Henry Rollins, Booboo Stewart, Kate Greenhouse, Jordan Todosey, David Richmond-Peck, James Cade, Don Francks, Steven Ogg",Canada,18-Mar-16,2015,R,97 min,Comedies
He Never Died,Jason Krawczyk,"Henry Rollins, Booboo Stewart, Kate Greenhouse, Jordan Todosey, David Richmond-Peck, James Cade, Don Francks, Steven Ogg",Canada,18-Mar-16,2015,R,97 min,Horror Movies
#Roxy,Michael Kennedy,"Jake Short, Sarah Fisher, Booboo Stewart, Danny Trejo, Pippa Mackie, Jake Smith, Patricia Zentilli, Carter Thicke",Canada,10-Apr-19,2018,TV-14,105 min,Comedies
#Roxy,Michael Kennedy,"Jake Short, Sarah Fisher, Booboo Stewart, Danny Trejo, Pippa Mackie, Jake Smith, Patricia Zentilli, Carter Thicke",Canada,10-Apr-19,2018,TV-14,105 min,Romantic Movies
A Family Man,Mark Williams,"Gerard Butler, Gretchen Mol, Alison Brie, Willem Dafoe, Alfred Molina, Maxwell Jenkins, Anupam Kher, Dustin Milligan","Canada, United States",15-Dec-19,2016,R,110 min,Dramas
A.M.I.,Rusty Nixon,"Debs Howard, Philip Granger, Sam Robert Muik, Havana Guppy, Bonnie Hay, Veronica Hampson, Lori Triolo, Andrew Coghlan, Laura Mitchell, Elinet Louicius",Canada,01-Oct-20,2019,TV-MA,77 min,Horror Movies
Acts of Violence,Brett Donowho,"Cole Hauser, Bruce Willis, Shawn Ashmore, Ashton Holmes, Melissa Bolona, Patrick St. Esprit, Sophia Bush, Mike Epps",Canada,01-Aug-20,2018,R,87 min,Adventure
Acts of Violence,Brett Donowho,"Cole Hauser, Bruce Willis, Shawn Ashmore, Ashton Holmes, Melissa Bolona, Patrick St. Esprit, Sophia Bush, Mike Epps",Canada,01-Aug-20,2018,R,87 min,Action
Adventures in Public School,Kyle Rideout,"Daniel Doheny, Judy Greer, Siobhan Williams, Russell Peters, Grace Park, Andrew McNee, Alex Barima, Andrew Herr, Eva Day, Josh Epstein","Canada, United States",15-Aug-18,2018,NR,86 min,Comedies
Along Came a Spider,Lee Tamahori,"Morgan Freeman, Monica Potter, Michael Wincott, Dylan Baker, Mika Boorem, Anton Yelchin, Kim Hawthorne, Jay O. Sanders, Billy Burke, Michael Moriarty, Penelope Ann Miller","United States, Germany, Canada",01-Oct-19,2001,R,103 min,Thrillers
American Hangman,Wilson Coneybeare,"Donald Sutherland, Vincent Kartheiser, Oliver Dennis, Paul Braunstein, Paul Amato, Matt Baram, Dan Beirne, Joanne Boland, Jamie Jacqueline Burns, Alexander Crowther",Canada,30-Jul-19,2019,TV-MA,99 min,Thrillers
American Heist,Sarik Andreasyan,"Hayden Christensen, Adrien Brody, Jordana Brewster, Tory Kittles, Akon, Luis Da Silva Jr., Lance E. Nichols, Joe Chrest","Canada, Luxembourg",23-Oct-19,2014,R,95 min,Action
American Heist,Sarik Andreasyan,"Hayden Christensen, Adrien Brody, Jordana Brewster, Tory Kittles, Akon, Luis Da Silva Jr., Lance E. Nichols, Joe Chrest","Canada, Luxembourg",23-Oct-19,2014,R,95 min,Adventure
American Heist,Sarik Andreasyan,"Hayden Christensen, Adrien Brody, Jordana Brewster, Tory Kittles, Akon, Luis Da Silva Jr., Lance E. Nichols, Joe Chrest","Canada, Luxembourg",23-Oct-19,2014,R,95 min,Dramas
At First Light,Jason Stone,"Stefanie Scott, Theodore Pellerin, Percy Hynes White, Kate Burton, Saïd Taghmaoui, Kristin Booth, James Wotherspoon",Canada,27-Dec-18,2018,TV-14,91 min,Dramas
At First Light,Jason Stone,"Stefanie Scott, Theodore Pellerin, Percy Hynes White, Kate Burton, Saïd Taghmaoui, Kristin Booth, James Wotherspoon",Canada,27-Dec-18,2018,TV-14,91 min,Sci-Fi
At First Light,Jason Stone,"Stefanie Scott, Theodore Pellerin, Percy Hynes White, Kate Burton, Saïd Taghmaoui, Kristin Booth, James Wotherspoon",Canada,27-Dec-18,2018,TV-14,91 min,Fantasy
Backtrack,Michael Petroni,"Adrien Brody, Sam Neill, Robin McLeavy, Bruce Spence, Jenni Baird, Chloe Bayliss, Anna Lise Phillips, George Shevtsov","Australia, United Kingdom, United Arab Emirates, Canada",25-Dec-18,2015,R,90 min,Dramas
Backtrack,Michael Petroni,"Adrien Brody, Sam Neill, Robin McLeavy, Bruce Spence, Jenni Baird, Chloe Bayliss, Anna Lise Phillips, George Shevtsov","Australia, United Kingdom, United Arab Emirates, Canada",25-Dec-18,2015,R,90 min,Thrillers
Barbie: Princess Charm School,Ezekiel Norton,"Diana Kaarina, Morwenna Banks, Nicole Oliver, Brittney Wilson, Ali Liebert, Shannon Chan-Kent, Madeleine Peters, Cathy Weseluck, Ellen Kennedy, Vincent Tong, Derek Waters, Brian Drummond, Tabitha St. Germain, Bethany Brown, Miranda Nolte, Kelly Metzger, Kazumi Evans, Anna Cummer","United States, Canada",01-Oct-17,2011,TV-Y,80 min,Children
Barbie: Spy Squad,Conrad Helten,"Erica Lindbeck, Stephanie Sheh, Jenny Pellicer, Alyssya Swales, Elizabeth Irving, Brian Dobson, Rebecca Husain, Cathy Weseluck","United States, Canada",01-Oct-17,2016,TV-Y,75 min,Family Movies
Barbie: Princess Charm School,Ezekiel Norton,"Diana Kaarina, Morwenna Banks, Nicole Oliver, Brittney Wilson, Ali Liebert, Shannon Chan-Kent, Madeleine Peters, Cathy Weseluck, Ellen Kennedy, Vincent Tong, Derek Waters, Brian Drummond, Tabitha St. Germain, Bethany Brown, Miranda Nolte, Kelly Metzger, Kazumi Evans, Anna Cummer","United States, Canada",01-Oct-17,2011,TV-Y,80 min,Children
Barbie: Spy Squad,Conrad Helten,"Erica Lindbeck, Stephanie Sheh, Jenny Pellicer, Alyssya Swales, Elizabeth Irving, Brian Dobson, Rebecca Husain, Cathy Weseluck","United States, Canada",01-Oct-17,2016,TV-Y,75 min,Family Movies
Bob's Broken Sleigh,Jay Surridge,"Cole Howard, Bruce Greenwood, Victor Garber, Michael Adamthwaite, Raini Rodriguez, Colin Murdock, Maryke Hendrikse, Sam Vincent, Gabe Khouth",Canada,17-Dec-15,2015,TV-G,47 min,Children
Bob's Broken Sleigh,Jay Surridge,"Cole Howard, Bruce Greenwood, Victor Garber, Michael Adamthwaite, Raini Rodriguez, Colin Murdock, Maryke Hendrikse, Sam Vincent, Gabe Khouth",Canada,17-Dec-15,2015,TV-G,47 min,Family Movies
Christmas Crush,Marita Grabiak,"Rachel Boston, Jonathan Bennett, Jon Prescott, Sunny Mabrey, Julia Voth, Elizabeth Lauren Hoffman, Eileen April Boylan, Josh Crotty","Canada, United States",04-Nov-19,2012,TV-PG,87 min,Comedies
Christmas Crush,Marita Grabiak,"Rachel Boston, Jonathan Bennett, Jon Prescott, Sunny Mabrey, Julia Voth, Elizabeth Lauren Hoffman, Eileen April Boylan, Josh Crotty","Canada, United States",04-Nov-19,2012,TV-PG,87 min,Romantic Movies
Come and Find Me,Zack Whedon,"Aaron Paul, Annabelle Wallis, Garret Dillahunt, Chris Chalk, Zachary Knighton, Enver Gjokaj, Michael Kopsa, Terry Chen","Canada, United States, United Kingdom",18-Sep-19,2016,R,112 min,Thrillers
Compulsion,Craig Goodwill,"Analeigh Tipton, Jakob Cedergren, Marta Gastini, Jan Bijvoet, Anita Kravos, Valentin Merlet","United Kingdom, Canada, Italy",04-Oct-18,2016,TV-MA,84 min,Dramas
Come and Find Me,Zack Whedon,"Aaron Paul, Annabelle Wallis, Garret Dillahunt, Chris Chalk, Zachary Knighton, Enver Gjokaj, Michael Kopsa, Terry Chen","Canada, United States, United Kingdom",18-Sep-19,2016,R,112 min,Thrillers
Compulsion,Craig Goodwill,"Analeigh Tipton, Jakob Cedergren, Marta Gastini, Jan Bijvoet, Anita Kravos, Valentin Merlet","United Kingdom, Canada, Italy",04-Oct-18,2016,TV-MA,84 min,Dramas
Counterfeiting in Suburbia,Jason Bourque,"Sarah Butler, Larissa Albuquerque, Kayla Wallace, Matthew MacCaull, James Dean, Alison Wandzura, Bruce Blain, Natalie Grace, Phillip Mitchell",Canada,01-Jul-18,2018,TV-14,88 min,Thrillers
Counterfeiting in Suburbia,Jason Bourque,"Sarah Butler, Larissa Albuquerque, Kayla Wallace, Matthew MacCaull, James Dean, Alison Wandzura, Bruce Blain, Natalie Grace, Phillip Mitchell",Canada,01-Jul-18,2018,TV-14,88 min,Dramas
Dear Santa,Jason Priestley,"Amy Acker, David Haydn-Jones, Patrick Creery, Gina Holden, James Dugan, Margherita Donato, Brooklynn Proulx, James D. Hopkin, Bob Irvine",Canada,04-Nov-19,2011,TV-PG,92 min,Comedies
Dear Santa,Jason Priestley,"Amy Acker, David Haydn-Jones, Patrick Creery, Gina Holden, James Dugan, Margherita Donato, Brooklynn Proulx, James D. Hopkin, Bob Irvine",Canada,04-Nov-19,2011,TV-PG,92 min,Romantic Movies
El último testigo,Philipp Stölzl,"Aaron Eckhart, Liana Liberato, Olga Kurylenko, Garrick Hagon, Eric Godon, Yassine Fadel, Neil Napier, David Bark-Jones, Alexander Fehling, Nick Alachiotis, Jade Hassouné","United States, Canada, Belgium, United Kingdom",04-Feb-18,2012,R,105 min,Adventure
El último testigo,Philipp Stölzl,"Aaron Eckhart, Liana Liberato, Olga Kurylenko, Garrick Hagon, Eric Godon, Yassine Fadel, Neil Napier, David Bark-Jones, Alexander Fehling, Nick Alachiotis, Jade Hassouné","United States, Canada, Belgium, United Kingdom",04-Feb-18,2012,R,105 min,Action
Final Destination 2,David R. Ellis,"Ali Larter, A.J. Cook, Michael Landes, Terrence 'T.C.' Carson, Jonathan Cherry, Keegan Connor Tracy, Sarah Carter, Lynda Boyd, David Paetkau, Justina Machado","United States, Canada",01-Jan-20,2003,R,90 min,Horror Movies
Final Destination 2,David R. Ellis,"Ali Larter, A.J. Cook, Michael Landes, Terrence 'T.C.' Carson, Jonathan Cherry, Keegan Connor Tracy, Sarah Carter, Lynda Boyd, David Paetkau, Justina Machado","United States, Canada",01-Jan-20,2003,R,90 min,Thrillers
First Kill,Steven C. Miller,"Hayden Christensen, Bruce Willis, Gethin Anthony, Megan Leonard, Tyler Jon Olson, Shea Buckner, William DeMeo, Magi Avila, Ty Shelton, Christine Dye","United Kingdom, Canada, United States",01-Sep-19,2017,R,102 min,Action
First Kill,Steven C. Miller,"Hayden Christensen, Bruce Willis, Gethin Anthony, Megan Leonard, Tyler Jon Olson, Shea Buckner, William DeMeo, Magi Avila, Ty Shelton, Christine Dye","United Kingdom, Canada, United States",01-Sep-19,2017,R,102 min,Adventure
Flash of Genius,Marc Abraham,"Greg Kinnear, Lauren Graham, Dermot Mulroney, Alan Alda, Bill Smitrovich, Mitch Pileggi, Daniel Roebuck, Tim Kelleher, Aaron Abrams, Chuck Shamata, Andrew Gillies","Canada, United States",16-Jan-17,2008,PG-13,119 min,Dramas
Full Out,Sean Cisterna,"Jennifer Beals, Ana Golja, Art Hindle, Jake Epstein, Ramona Milano, Trevor Tordjman, Lamar Johnson, Asha Bromfield, Sarah Fisher","Canada, United States",01-Sep-16,2015,TV-PG,88 min,Family Movies
Full Out,Sean Cisterna,"Jennifer Beals, Ana Golja, Art Hindle, Jake Epstein, Ramona Milano, Trevor Tordjman, Lamar Johnson, Asha Bromfield, Sarah Fisher","Canada, United States",01-Sep-16,2015,TV-PG,88 min,Sports Movies
Full Out,Sean Cisterna,"Jennifer Beals, Ana Golja, Art Hindle, Jake Epstein, Ramona Milano, Trevor Tordjman, Lamar Johnson, Asha Bromfield, Sarah Fisher","Canada, United States",01-Sep-16,2015,TV-PG,88 min,Dramas
Full Out,Sean Cisterna,"Jennifer Beals, Ana Golja, Art Hindle, Jake Epstein, Ramona Milano, Trevor Tordjman, Lamar Johnson, Asha Bromfield, Sarah Fisher","Canada, United States",01-Sep-16,2015,TV-PG,88 min,Children
Goon,Michael Dowse,"Seann William Scott, Jay Baruchel, Liev Schreiber, Alison Pill, Marc-André Grondin, Kim Coates, Eugene Levy, Nicholas Campbell, Richard Clarkin, Jonathan Cherry","United States, Canada",15-Aug-17,2011,R,92 min,Comedies
Goon,Michael Dowse,"Seann William Scott, Jay Baruchel, Liev Schreiber, Alison Pill, Marc-André Grondin, Kim Coates, Eugene Levy, Nicholas Campbell, Richard Clarkin, Jonathan Cherry","United States, Canada",15-Aug-17,2011,R,92 min,Sports Movies
Gothika,Mathieu Kassovitz,"Halle Berry, Robert Downey Jr., Charles S. Dutton, John Carroll Lynch, Bernard Hill, Penélope Cruz, Dorian Harewood, Bronwen Mantel","United States, France, Canada, Spain",01-Jan-21,2003,R,98 min,Thrillers
Gothika,Mathieu Kassovitz,"Halle Berry, Robert Downey Jr., Charles S. Dutton, John Carroll Lynch, Bernard Hill, Penélope Cruz, Dorian Harewood, Bronwen Mantel","United States, France, Canada, Spain",01-Jan-21,2003,R,98 min,Horror Movies
House at the End of the Street,Mark Tonderai,"Gil Bellows, Max Thieriot, Jennifer Lawrence, Elisabeth Shue, Jordan Hayes, James Thomas, Eva Link, Nolan Gerard Funk, Allie MacDonald, Krista Bridges","United States, Canada",08-May-20,2012,PG-13,101 min,Horror Movies
House at the End of the Street,Mark Tonderai,"Gil Bellows, Max Thieriot, Jennifer Lawrence, Elisabeth Shue, Jordan Hayes, James Thomas, Eva Link, Nolan Gerard Funk, Allie MacDonald, Krista Bridges","United States, Canada",08-May-20,2012,PG-13,101 min,Thrillers
House of Z,Sandy Chronopoulos,Zac Posen,"United States, Canada",06-Jan-18,2016,TV-14,88 min,Documentaries
Hunt to Kill,Keoni Waxman,"Steve Austin, Gil Bellows, Gary Daniels, Marie Avgeropoulos, Emilie Ullerup, Michael Eklund, Eric Roberts, Michael Hogan, Donnelly Rhodes, Adrian Holmes",Canada,01-Jan-20,2010,R,97 min,Action
Hunt to Kill,Keoni Waxman,"Steve Austin, Gil Bellows, Gary Daniels, Marie Avgeropoulos, Emilie Ullerup, Michael Eklund, Eric Roberts, Michael Hogan, Donnelly Rhodes, Adrian Holmes",Canada,01-Jan-20,2010,R,97 min,Adventure
Just Friends,Roger Kumble,"Anna Faris, Ty Olsson, Julie Hagerty, Amy Smart, Chris Marquette, Fred Ewanuick, Amy Matysio, Chris Klein, Ryan Reynolds, Stephen Root","Germany, United States, Canada",01-Sep-19,2005,PG-13,94 min,Comedies
Just Friends,Roger Kumble,"Anna Faris, Ty Olsson, Julie Hagerty, Amy Smart, Chris Marquette, Fred Ewanuick, Amy Matysio, Chris Klein, Ryan Reynolds, Stephen Root","Germany, United States, Canada",01-Sep-19,2005,PG-13,94 min,Romantic Movies
K-19: The Widowmaker,Kathryn Bigelow,"Harrison Ford, Liam Neeson, Peter Sarsgaard, Sam Spruell, Joss Ackland, Peter Stebbings, Christian Camargo, Sam Redford, John Shrapnel, Donald Sumpter","United Kingdom, Germany, Canada, United States",21-Nov-19,2002,PG-13,138 min,Action
K-19: The Widowmaker,Kathryn Bigelow,"Harrison Ford, Liam Neeson, Peter Sarsgaard, Sam Spruell, Joss Ackland, Peter Stebbings, Christian Camargo, Sam Redford, John Shrapnel, Donald Sumpter","United Kingdom, Germany, Canada, United States",21-Nov-19,2002,PG-13,138 min,Dramas
K-19: The Widowmaker,Kathryn Bigelow,"Harrison Ford, Liam Neeson, Peter Sarsgaard, Sam Spruell, Joss Ackland, Peter Stebbings, Christian Camargo, Sam Redford, John Shrapnel, Donald Sumpter","United Kingdom, Germany, Canada, United States",21-Nov-19,2002,PG-13,138 min,Adventure
Marauders,Steven C. Miller,"Bruce Willis, Christopher Meloni, Dave Bautista, Adrian Grenier, Johnathon Schaech, Lydia Hull, Tyler Jon Olson, Christopher Rob Bowen, Richie Chance","Canada, United States",01-Dec-20,2016,R,107 min,Adventure
Marauders,Steven C. Miller,"Bruce Willis, Christopher Meloni, Dave Bautista, Adrian Grenier, Johnathon Schaech, Lydia Hull, Tyler Jon Olson, Christopher Rob Bowen, Richie Chance","Canada, United States",01-Dec-20,2016,R,107 min,Action
Meditation Park,Mina Shum,"Cheng Pei-pei, Tzi Ma, Sandra Oh, Don McKellar, Zak Santiago, Liane Balaban, Alannah Ong, Lillian Lim, Jemmy Chen",Canada,09-Mar-18,2017,TV-PG,94 min,Dramas
Miracle,Gavin O'Connor,"Kurt Russell, Patricia Clarkson, Noah Emmerich, Sean McCann, Kenneth Welsh, Eddie Cahill, Patrick O'Brien Demsey, Michael Mantenuto, Nathan West, Kenneth Mitchell, Sam Skoryna, Billy Schneider, Michael Kopsa, Beverley Breuer, Lisa Marie Caruk, Ryan Walter, Nate Miller, Joseph Cure, Scott Johnson, Eric Peter-Kaiser, Bobby Hanson","Canada, United States",01-Jun-18,2004,PG,136 min,Children
Miracle,Gavin O'Connor,"Kurt Russell, Patricia Clarkson, Noah Emmerich, Sean McCann, Kenneth Welsh, Eddie Cahill, Patrick O'Brien Demsey, Michael Mantenuto, Nathan West, Kenneth Mitchell, Sam Skoryna, Billy Schneider, Michael Kopsa, Beverley Breuer, Lisa Marie Caruk, Ryan Walter, Nate Miller, Joseph Cure, Scott Johnson, Eric Peter-Kaiser, Bobby Hanson","Canada, United States",01-Jun-18,2004,PG,136 min,Family Movies
Miracle,Gavin O'Connor,"Kurt Russell, Patricia Clarkson, Noah Emmerich, Sean McCann, Kenneth Welsh, Eddie Cahill, Patrick O'Brien Demsey, Michael Mantenuto, Nathan West, Kenneth Mitchell, Sam Skoryna, Billy Schneider, Michael Kopsa, Beverley Breuer, Lisa Marie Caruk, Ryan Walter, Nate Miller, Joseph Cure, Scott Johnson, Eric Peter-Kaiser, Bobby Hanson","Canada, United States",01-Jun-18,2004,PG,136 min,Dramas
Miracle,Gavin O'Connor,"Kurt Russell, Patricia Clarkson, Noah Emmerich, Sean McCann, Kenneth Welsh, Eddie Cahill, Patrick O'Brien Demsey, Michael Mantenuto, Nathan West, Kenneth Mitchell, Sam Skoryna, Billy Schneider, Michael Kopsa, Beverley Breuer, Lisa Marie Caruk, Ryan Walter, Nate Miller, Joseph Cure, Scott Johnson, Eric Peter-Kaiser, Bobby Hanson","Canada, United States",01-Jun-18,2004,PG,136 min,Sports Movies
Molly's Game,Aaron Sorkin,"Jessica Chastain, Idris Elba, Kevin Costner, Michael Cera, Jeremy Strong, Chris O'Dowd, J.C. MacKenzie, Brian d'Arcy James, Bill Camp, Graham Greene, Justin Kirk, Brian d’Arcy James","China, Canada, United States",01-Apr-20,2017,R,141 min,Dramas
My Ex-Ex,Nathaniel Warsh,"André Bharti, Katherine Barrell, Ray Galletti, Emily Alatalo, Tamara Duarte, Randal Edwards, Alastair Forbes, Jesse Camacho",Canada,15-Aug-17,2015,TV-MA,91 min,Comedies
My Ex-Ex,Nathaniel Warsh,"André Bharti, Katherine Barrell, Ray Galletti, Emily Alatalo, Tamara Duarte, Randal Edwards, Alastair Forbes, Jesse Camacho",Canada,15-Aug-17,2015,TV-MA,91 min,Romantic Movies
Nowhere Boy,Sam Taylor-Johnson,"Aaron Taylor-Johnson, Anne-Marie Duff, Kristin Scott Thomas, David Threlfall, Thomas Brodie-Sangster, David Morrissey, Sam Bell, Ophelia Lovibond, Josh Bolt, Andrew Buchan","United Kingdom, Canada",14-Apr-18,2009,R,99 min,Dramas
Our House,Anthony Scott Burns,"Thomas Mann, Nicola Peltz, Percy Hynes White, Kate Moyer, Carlyn Burchell, John Ralston, Christine Horne, Allison Hossack, Lucius Hoyos, Marcia Bennett","Canada, United States, Germany",01-Jun-20,2018,PG-13,90 min,Thrillers
Our House,Anthony Scott Burns,"Thomas Mann, Nicola Peltz, Percy Hynes White, Kate Moyer, Carlyn Burchell, John Ralston, Christine Horne, Allison Hossack, Lucius Hoyos, Marcia Bennett","Canada, United States, Germany",01-Jun-20,2018,PG-13,90 min,Horror Movies
Perfect Bid: The Contestant Who Knew Too Much,C.J. Wallis,Theodore Slauson,Canada,30-Apr-19,2017,TV-MA,72 min,Documentaries
Prosecuting Evil: The Extraordinary World of Ben Ferencz,Barry Avrich,Ben Ferencz,Canada,01-Jun-19,2019,TV-MA,83 min,Documentaries
Recall,Michael James Regan,"Michael James Regan, Tommy James Murphy, Louis Di Bianco, Stefano DiMatteo, Juan Carlos Velis, Katriina Isberg, Danny Bruzzi, Eugene Clark, Ronnie Rowe Jr., Brendee Green, A.C. Peterson",Canada,25-Jun-19,2018,TV-MA,73 min,Dramas
Remember,Atom Egoyan,"Christopher Plummer, Bruno Ganz, Jürgen Prochnow, Heinz Lieven, Henry Czerny, Dean Norris, Martin Landau","Canada, Mexico, Germany, South Africa",26-Jul-18,2015,R,95 min,Action
Remember,Atom Egoyan,"Christopher Plummer, Bruno Ganz, Jürgen Prochnow, Heinz Lieven, Henry Czerny, Dean Norris, Martin Landau","Canada, Mexico, Germany, South Africa",26-Jul-18,2015,R,95 min,Dramas
Remember,Atom Egoyan,"Christopher Plummer, Bruno Ganz, Jürgen Prochnow, Heinz Lieven, Henry Czerny, Dean Norris, Martin Landau","Canada, Mexico, Germany, South Africa",26-Jul-18,2015,R,95 min,Adventure
Rememory,Mark Palansky,"Peter Dinklage, Julia Ormond, Martin Donovan, Anton Yelchin, Henry Ian Cusick, Evelyne Brochu, Matt Ellis, Colin Lawrence, Chad Krowchuk, Gracyn Shinyei","United Kingdom, United States, Canada",01-Jun-20,2017,PG-13,112 min,Dramas
Rememory,Mark Palansky,"Peter Dinklage, Julia Ormond, Martin Donovan, Anton Yelchin, Henry Ian Cusick, Evelyne Brochu, Matt Ellis, Colin Lawrence, Chad Krowchuk, Gracyn Shinyei","United Kingdom, United States, Canada",01-Jun-20,2017,PG-13,112 min,Sci-Fi
Rememory,Mark Palansky,"Peter Dinklage, Julia Ormond, Martin Donovan, Anton Yelchin, Henry Ian Cusick, Evelyne Brochu, Matt Ellis, Colin Lawrence, Chad Krowchuk, Gracyn Shinyei","United Kingdom, United States, Canada",01-Jun-20,2017,PG-13,112 min,Fantasy
Sadie's Last Days on Earth,Michael Seater,"Morgan Taylor Campbell, Clark Backo, Ricardo Hoyos, Munro Chambers, Paula Brancati, Helene Joy, Peter Keleghan, George Stroumboulopoulos, John Ralston, Emilia McCarthy",Canada,22-Aug-17,2016,TV-14,94 min,Fantasy
Sadie's Last Days on Earth,Michael Seater,"Morgan Taylor Campbell, Clark Backo, Ricardo Hoyos, Munro Chambers, Paula Brancati, Helene Joy, Peter Keleghan, George Stroumboulopoulos, John Ralston, Emilia McCarthy",Canada,22-Aug-17,2016,TV-14,94 min,Sci-Fi
Sadie's Last Days on Earth,Michael Seater,"Morgan Taylor Campbell, Clark Backo, Ricardo Hoyos, Munro Chambers, Paula Brancati, Helene Joy, Peter Keleghan, George Stroumboulopoulos, John Ralston, Emilia McCarthy",Canada,22-Aug-17,2016,TV-14,94 min,Comedies
Silent Hill: Revelation,M.J. Bassett,"Deborah Kara Unger, Adelaide Clemens, Sean Bean, Malcolm McDowell, Carrie-Anne Moss, Radha Mitchell, Martin Donovan, Kit Harington","Canada, France, United States",13-Dec-19,2012,R,94 min,Horror Movies
Skin Trade,Ekachai Uekrongtham,"Dolph Lundgren, Tony Jaa, Ron Perlman, Celina Jade, Peter Weller, Michael Jai White, Sahajak Boonthanakit, Mike Dopud","Thailand, Canada, United States",17-Dec-18,2014,R,96 min,Action
Skin Trade,Ekachai Uekrongtham,"Dolph Lundgren, Tony Jaa, Ron Perlman, Celina Jade, Peter Weller, Michael Jai White, Sahajak Boonthanakit, Mike Dopud","Thailand, Canada, United States",17-Dec-18,2014,R,96 min,Adventure
Standoff,Adam Alleca,"Thomas Jane, Laurence Fishburne, Joanna Douglas, John Tench, Ted Atherton, Jim Watson, Ella Ballentine",Canada,11-Dec-18,2015,R,86 min,Adventure
Standoff,Adam Alleca,"Thomas Jane, Laurence Fishburne, Joanna Douglas, John Tench, Ted Atherton, Jim Watson, Ella Ballentine",Canada,11-Dec-18,2015,R,86 min,Action
Strange but True,Rowan Athale,"Amy Ryan, Nick Robinson, Margaret Qualley, Greg Kinnear, Blythe Danner, Brian Cox, Connor Jessup",Canada,30-Aug-20,2019,PG-13,96 min,Thrillers
Strange but True,Rowan Athale,"Amy Ryan, Nick Robinson, Margaret Qualley, Greg Kinnear, Blythe Danner, Brian Cox, Connor Jessup",Canada,30-Aug-20,2019,PG-13,96 min,Dramas
The Adventure Club,Geoff Anderson,"Sam Ashe Arnold, Jakob Davies, Dalila Bela, Robin Dunne, Gabrielle Miller, Billy Zane, Josh McDonald, Lorne Cardinal, Kim Coates, Glenn Paradis",Canada,10-May-17,2016,TV-Y7,88 min,Children
The Adventure Club,Geoff Anderson,"Sam Ashe Arnold, Jakob Davies, Dalila Bela, Robin Dunne, Gabrielle Miller, Billy Zane, Josh McDonald, Lorne Cardinal, Kim Coates, Glenn Paradis",Canada,10-May-17,2016,TV-Y7,88 min,Family Movies
The Art of War,Christian Duguay,"Wesley Snipes, Anne Archer, Maury Chaykin, Marie Matiko, Cary-Hiroyuki Tagawa, Michael Biehn, Donald Sutherland, Liliana Komorowska, James Hong","United States, Canada",01-Jul-20,2000,R,117 min,Adventure
The Art of War,Christian Duguay,"Wesley Snipes, Anne Archer, Maury Chaykin, Marie Matiko, Cary-Hiroyuki Tagawa, Michael Biehn, Donald Sutherland, Liliana Komorowska, James Hong","United States, Canada",01-Jul-20,2000,R,117 min,Action
The Assignment,Walter Hill,"Michelle Rodriguez, Sigourney Weaver, Tony Shalhoub, Anthony LaPaglia, Caitlin Gerard, Brent Langdon, Adrian Hough, Ken Kirzinger, Darryl Quon, Caroline Chan","France, Canada, United States",15-Mar-20,2016,R,95 min,Adventure
The Assignment,Walter Hill,"Michelle Rodriguez, Sigourney Weaver, Tony Shalhoub, Anthony LaPaglia, Caitlin Gerard, Brent Langdon, Adrian Hough, Ken Kirzinger, Darryl Quon, Caroline Chan","France, Canada, United States",15-Mar-20,2016,R,95 min,Action
The Captive,Atom Egoyan,"Ryan Reynolds, Scott Speedman, Rosario Dawson, Mireille Enos, Kevin Durand, Alexia Fast, Christine Horne, Arsinée Khanjian, Ian Matthews, Bruce Greenwood, Aidan Shipley",Canada,20-Jul-18,2014,R,112 min,Thrillers
The Captive,Atom Egoyan,"Ryan Reynolds, Scott Speedman, Rosario Dawson, Mireille Enos, Kevin Durand, Alexia Fast, Christine Horne, Arsinée Khanjian, Ian Matthews, Bruce Greenwood, Aidan Shipley",Canada,20-Jul-18,2014,R,112 min,Dramas
The Heretics,Chad Archibald,"Nina Kiri, Ry Barrett, Jorja Cadence, Will King, Nina Richmond",Canada,04-Sep-19,2017,TV-MA,88 min,Horror Movies
The Little Prince,Mark Osborne,"Jeff Bridges, Mackenzie Foy, Rachel McAdams, Riley Osborne, Marion Cotillard, Bud Cort, Ricky Gervais, Albert Brooks, James Franco, Benicio Del Toro, Paul Rudd, Paul Giamatti","France, Canada, Italy, United States, China",06-Nov-20,2015,PG,107 min,Children
The Little Prince,Mark Osborne,"Jeff Bridges, Mackenzie Foy, Rachel McAdams, Riley Osborne, Marion Cotillard, Bud Cort, Ricky Gervais, Albert Brooks, James Franco, Benicio Del Toro, Paul Rudd, Paul Giamatti","France, Canada, Italy, United States, China",06-Nov-20,2015,PG,107 min,Family Movies
The Score,Frank Oz,"Robert De Niro, Edward Norton, Marlon Brando, Angela Bassett, Gary Farmer, Paul Soles, Jamie Harrold, Serge Houde","Germany, Canada, United States",28-Nov-19,2001,R,124 min,Dramas
The Score,Frank Oz,"Robert De Niro, Edward Norton, Marlon Brando, Angela Bassett, Gary Farmer, Paul Soles, Jamie Harrold, Serge Houde","Germany, Canada, United States",28-Nov-19,2001,R,124 min,Thrillers
The Wrong Babysitter,George Mendeluk,"Daphne Zuniga, Seann Gallagher, Lisa Marie Caruk, Matt Bellefleur, Ava Hughes, Britt Irvin, Lochlyn Munro",Canada,18-Jun-19,2017,TV-14,89 min,Thrillers
Theater of Life,Peter Svatek,Massimo Bottura,Canada,18-Jul-17,2016,TV-PG,94 min,Documentaries
Thor: Tales of Asgard,Sam Liu,"Matthew Wolf, Rick Gomez, Tara Strong, Alistair Abell, Paul Dobson, Brent Chapman, Chris Britton, Ron Halder, Cathy Weseluck, Michael Dobson","United States, Canada",15-Apr-20,2011,TV-Y7,77 min,Children
Thor: Tales of Asgard,Sam Liu,"Matthew Wolf, Rick Gomez, Tara Strong, Alistair Abell, Paul Dobson, Brent Chapman, Chris Britton, Ron Halder, Cathy Weseluck, Michael Dobson","United States, Canada",15-Apr-20,2011,TV-Y7,77 min,Family Movies
Tucker and Dale vs. Evil,Eli Craig,"Tyler Labine, Alan Tudyk, Katrina Bowden, Jesse Moss, Philip Granger, Brandon Jay McLaren, Christie Laing, Chelan Simmons, Travis Nelson, Alex Arsenault","Canada, United States, India, United Kingdom",29-Mar-19,2010,R,89 min,Comedies
Tucker and Dale vs. Evil,Eli Craig,"Tyler Labine, Alan Tudyk, Katrina Bowden, Jesse Moss, Philip Granger, Brandon Jay McLaren, Christie Laing, Chelan Simmons, Travis Nelson, Alex Arsenault","Canada, United States, India, United Kingdom",29-Mar-19,2010,R,89 min,Horror Movies
Tucker and Dale vs. Evil,Eli Craig,"Tyler Labine, Alan Tudyk, Katrina Bowden, Jesse Moss, Philip Granger, Brandon Jay McLaren, Christie Laing, Chelan Simmons, Travis Nelson, Alex Arsenault","Canada, United States, India, United Kingdom",29-Mar-19,2010,R,89 min,Independent Movies
War,Philip G. Atwell,"Jet Li, Jason Statham, John Lone, Devon Aoki, Luis Guzmán, Saul Rubinek, Sung Kang, Mathew St. Patrick, Nadine Velazquez, Andrea Roth, Mark Cheng, Kane Kosugi, Ryo Ishibashi, Steph Song","United States, Canada",01-Apr-19,2007,R,103 min,Action
War,Philip G. Atwell,"Jet Li, Jason Statham, John Lone, Devon Aoki, Luis Guzmán, Saul Rubinek, Sung Kang, Mathew St. Patrick, Nadine Velazquez, Andrea Roth, Mark Cheng, Kane Kosugi, Ryo Ishibashi, Steph Song","United States, Canada",01-Apr-19,2007,R,103 min,Adventure
XX,"Jovanka Vuckovic, Annie Clark, Roxanne Benjamin, Karyn Kusama","Natalie Brown, Jonathan Watton, Melanie Lynskey, Lindsay Burdge, Sheila Vand, Casey Adams, Breeda Wool, Angela Trimbur, Morgan Krantz, Christina Kirk, Kyle Allen, Mike Doyle","Canada, United States",22-Jun-17,2017,R,81 min,Horror Movies
